{
  "eeprom_info": {}, 
  "eeprom_map": {
    "ABP_COPIES": {
      "offset": "0x00C3", 
      "type": "B"
    }, 
    "ACCELERATION_ON": {
      "offset": "0x0126", 
      "type": "B"
    }, 
    "ACCEL_ADVANCE_K": {
      "exponent": "-5", 
      "floating_point": "True", 
      "offset": "0x0167", 
      "type": "I"
    }, 
    "ACCEL_ADVANCE_K2": {
      "exponent": "-5", 
      "floating_point": "True", 
      "offset": "0x015F", 
      "type": "I"
    }, 
    "ACCEL_EXTRUDER_DEPRIME_A": {
      "exponent": "-1", 
      "floating_point": "True", 
      "offset": "0x0185", 
      "type": "I"
    }, 
    "ACCEL_EXTRUDER_DEPRIME_B": {
      "exponent": "-1", 
      "floating_point": "True", 
      "offset": "0x01AA", 
      "type": "I"
    }, 
    "ACCEL_MAX_ACCELERATION_A": {
      "offset": "0x0147", 
      "type": "I"
    }, 
    "ACCEL_MAX_ACCELERATION_B": {
      "offset": "0x01A6", 
      "type": "I"
    }, 
    "ACCEL_MAX_ACCELERATION_X": {
      "offset": "0x013B", 
      "type": "I"
    }, 
    "ACCEL_MAX_ACCELERATION_Y": {
      "offset": "0x013F", 
      "type": "I"
    }, 
    "ACCEL_MAX_ACCELERATION_Z": {
      "offset": "0x0143", 
      "type": "I"
    }, 
    "ACCEL_MAX_EXTRUDER_NORM": {
      "offset": "0x014B", 
      "type": "I"
    }, 
    "ACCEL_MAX_EXTRUDER_RETRACT": {
      "offset": "0x014F", 
      "type": "I"
    }, 
    "ACCEL_MAX_FEEDRATE_A": {
      "offset": "0x0133", 
      "type": "I"
    }, 
    "ACCEL_MAX_FEEDRATE_B": {
      "offset": "0x0137", 
      "type": "I"
    }, 
    "ACCEL_MAX_FEEDRATE_X": {
      "offset": "0x0127", 
      "type": "I"
    }, 
    "ACCEL_MAX_FEEDRATE_Y": {
      "offset": "0x012B", 
      "type": "I"
    }, 
    "ACCEL_MAX_FEEDRATE_Z": {
      "offset": "0x012F", 
      "type": "I"
    }, 
    "ACCEL_MAX_SPEED_CHANGE_A": {
      "exponent": "-1", 
      "floating_point": "True", 
      "offset": "0x019E", 
      "type": "I"
    }, 
    "ACCEL_MAX_SPEED_CHANGE_B": {
      "exponent": "-1", 
      "floating_point": "True", 
      "offset": "0x01A2", 
      "type": "I"
    }, 
    "ACCEL_MAX_SPEED_CHANGE_X": {
      "exponent": "-1", 
      "floating_point": "True", 
      "offset": "0x0192", 
      "type": "I"
    }, 
    "ACCEL_MAX_SPEED_CHANGE_Y": {
      "exponent": "-1", 
      "floating_point": "True", 
      "offset": "0x0196", 
      "type": "I"
    }, 
    "ACCEL_MAX_SPEED_CHANGE_Z": {
      "exponent": "-1", 
      "floating_point": "True", 
      "offset": "0x019A", 
      "type": "I"
    }, 
    "ACCEL_SLOWDOWN_FLAG": {
      "offset": "0x0189", 
      "type": "B"
    }, 
    "AXIS_HOME_POSITIONS": {
      "offset": "0x0060", 
      "type": "iiiii"
    }, 
    "AXIS_INVERSION": {
      "offset": "0x0002", 
      "type": "B"
    }, 
    "AXIS_LENGTHS": {
      "offset": "0x01BC", 
      "type": "I"
    }, 
    "BUZZER_REPEATS": {
      "offset": "0x008A", 
      "type": "B"
    }, 
    "DITTO_PRINT_ENABLED": {
      "offset": "0x01DC", 
      "type": "B"
    }, 
    "ENDSTOPS_USED": {
      "offset": "0x0174", 
      "type": "B"
    }, 
    "ENDSTOP_INVERSION": {
      "offset": "0x0003", 
      "type": "B"
    }, 
    "ESTOP_CONFIGURATION": {
      "offset": "0x0074", 
      "type": "B"
    }, 
    "EXTRUDER_HOLD": {
      "offset": "0x1E9", 
      "type": "B"
    }, 
    "EXTRUDE_DURATION": {
      "offset": "0x0083", 
      "type": "B"
    }, 
    "EXTRUDE_MMS": {
      "offset": "0x0084", 
      "type": "B"
    }, 
    "FILAMENT_LIFETIME_A": {
      "offset": "0x00B3", 
      "type": "q"
    }, 
    "FILAMENT_LIFETIME_B": {
      "offset": "0x01D4", 
      "type": "q"
    }, 
    "FILAMENT_TRIP_A": {
      "offset": "0x00BB", 
      "type": "q"
    }, 
    "FILAMENT_TRIP_B": {
      "offset": "0x01DD", 
      "type": "q"
    }, 
    "HOMING_FEED_RATE_X": {
      "offset": "0x0175", 
      "type": "I"
    }, 
    "HOMING_FEED_RATE_Y": {
      "offset": "0x0179", 
      "type": "I"
    }, 
    "HOMING_FEED_RATE_Z": {
      "offset": "0x017D", 
      "type": "I"
    }, 
    "JOG_MODE_SETTINGS": {
      "offset": "0x0089", 
      "type": "B"
    }, 
    "LCD_TYPE": {
      "offset": "0x0173", 
      "type": "B"
    }, 
    "MACHINE_NAME": {
      "length": "32", 
      "offset": "0x0020", 
      "type": "s"
    }, 
    "MOOD_LIGHT_CUSTOM_BLUE": {
      "offset": "0x0088", 
      "type": "B"
    }, 
    "MOOD_LIGHT_CUSTOM_GREEN": {
      "offset": "0x0087", 
      "type": "B"
    }, 
    "MOOD_LIGHT_CUSTOM_RED": {
      "offset": "0x0086", 
      "type": "B"
    }, 
    "MOOD_LIGHT_SCRIPT": {
      "offset": "0x0085", 
      "type": "B"
    }, 
    "OVERRIDE_GCODE_TEMP": {
      "offset": "0x00C5", 
      "type": "B"
    }, 
    "PLATFORM_TEMP": {
      "offset": "0x0082", 
      "type": "B"
    }, 
    "RAM_USAGE_DEBUG": {
      "offset": "0x01D0", 
      "type": "I"
    }, 
    "STEPS_PER_MM_A": {
      "exponent": "-10", 
      "floating_point": "True", 
      "offset": "0x00A3", 
      "type": "q"
    }, 
    "STEPS_PER_MM_B": {
      "exponent": "-10", 
      "floating_point": "True", 
      "offset": "0x00AB", 
      "type": "q"
    }, 
    "STEPS_PER_MM_X": {
      "exponent": "-10", 
      "floating_point": "True", 
      "offset": "0x008B", 
      "type": "q"
    }, 
    "STEPS_PER_MM_Y": {
      "exponent": "-10", 
      "floating_point": "True", 
      "offset": "0x0093", 
      "type": "q"
    }, 
    "STEPS_PER_MM_Z": {
      "exponent": "-10", 
      "floating_point": "True", 
      "offset": "0x009B", 
      "type": "q"
    }, 
    "TOOL0_TEMP": {
      "offset": "0x0080", 
      "type": "B"
    }, 
    "TOOL1_TEMP": {
      "offset": "0x0081", 
      "type": "B"
    }, 
    "TOOLHEAD_OFFSET_SETTINGS": {
      "offset": "0x01B0", 
      "type": "I"
    }, 
    "TOOL_COUNT": {
      "offset": "0x01AE", 
      "type": "BB"
    }, 
    "VID_PID_INFO": {
      "offset": "0x1E5", 
      "type": "BBBB"
    }
  }
}
